Workbook

Sheet east
A1: genere | B1: 2016 | C1: 2017 | D1: 2018 | E1: 2019
A2: horror | B2: 123 | C2: 456 | D2: 789 | E2: 412
A3: sci fi | B3: 123 | C3: 456 | D3: 789 | E3: 412
A4: comedy | B4: 123 | C4: 456 | D4: 789 | E4: 412

Sheet west
A1: genere | B1: 2016 | C1: 2017 | D1: 2018 | E1: 2019
A2: horror | B2: 123 | C2: 456 | D2: 789 | E2: 412
A3: sci fi | B3: 123 | C3: 456 | D3: 789 | E3: 412
A4: comedy | B4: 123 | C4: 456 | D4: 789 | E4: 412

Sheet north
A1: genere | B1: 2016 | C1: 2017 | D1: 2018 | E1: 2019
A2: horror | B2: 123 | C2: 456 | D2: 789 | E2: 412
A3: sci fi | B3: 123 | C3: 456 | D3: 789 | E3: 412
A4: comedy | B4: 123 | C4: 456 | D4: 789 | E4: 412

Sheet total
C1: 2016 | D1: 2017 | E1: 2018 | F1: 2019
B2: Consolidation | C2: =east!$B$2 -> 123 | D2: =east!$C$2 -> 456 | E2: =east!$D$2 -> 789 | F2: =east!$E$2 -> 412
B3: Consolidation | C3: =north!$B$2 -> 123 | D3: =north!$C$2 -> 456 | E3: =north!$D$2 -> 789 | F3: =north!$E$2 -> 412
B4: Consolidation | C4: =west!$B$2 -> 123 | D4: =west!$C$2 -> 456 | E4: =west!$D$2 -> 789 | F4: =west!$E$2 -> 412
A5: horror | C5: =SUM(C2:C4) -> 369 | D5: =SUM(D2:D4) -> 1368 | E5: =SUM(E2:E4) -> 2367 | F5: =SUM(F2:F4) -> 1236
B6: Consolidation | C6: =east!$B$3 -> 123 | D6: =east!$C$3 -> 456 | E6: =east!$D$3 -> 789 | F6: =east!$E$3 -> 412
B7: Consolidation | C7: =north!$B$3 -> 123 | D7: =north!$C$3 -> 456 | E7: =north!$D$3 -> 789 | F7: =north!$E$3 -> 412
B8: Consolidation | C8: =west!$B$3 -> 123 | D8: =west!$C$3 -> 456 | E8: =west!$D$3 -> 789 | F8: =west!$E$3 -> 412
A9: sci fi | C9: =SUM(C6:C8) -> 369 | D9: =SUM(D6:D8) -> 1368 | E9: =SUM(E6:E8) -> 2367 | F9: =SUM(F6:F8) -> 1236
B10: Consolidation | C10: =east!$B$4 -> 123 | D10: =east!$C$4 -> 456 | E10: =east!$D$4 -> 789 | F10: =east!$E$4 -> 412
B11: Consolidation | C11: =north!$B$4 -> 123 | D11: =north!$C$4 -> 456 | E11: =north!$D$4 -> 789 | F11: =north!$E$4 -> 412
B12: Consolidation | C12: =west!$B$4 -> 123 | D12: =west!$C$4 -> 456 | E12: =west!$D$4 -> 789 | F12: =west!$E$4 -> 412
A13: comedy | C13: =SUM(C10:C12) -> 369 | D13: =SUM(D10:D12) -> 1368 | E13: =SUM(E10:E12) -> 2367 | F13: =SUM(F10:F12) -> 1236

Sheet east-prac
A1: product-name | B1: 2019 | C1: 2020 | D1: 2021 | E1: 2022 | F1: 2023
A2: hp-laptops | B2: 200 | C2: 250 | D2: 300 | E2: 350 | F2: 400
A3: lenovo laptops | B3: 250 | C3: 300 | D3: 350 | E3: 400 | F3: 450
A4: asus laptops | B4: 300 | C4: 350 | D4: 400 | E4: 450 | F4: 500
A5: dell laptops | B5: 350 | C5: 400 | D5: 450 | E5: 500 | F5: 550
A6: acer laptops | B6: 400 | C6: 450 | D6: 500 | E6: 550 | F6: 600

Sheet west-prac
A1: product-name | B1: 2019 | C1: 2020 | D1: 2021 | E1: 2022 | F1: 2023
A2: hp-laptops | B2: 200 | C2: 250 | D2: 300 | E2: 350 | F2: 400
A3: lenovo laptops | B3: 250 | C3: 300 | D3: 350 | E3: 400 | F3: 450
A4: asus laptops | B4: 300 | C4: 350 | D4: 400 | E4: 450 | F4: 500
A5: dell laptops | B5: 350 | C5: 400 | D5: 450 | E5: 500 | F5: 550
A6: acer laptops | B6: 400 | C6: 450 | D6: 500 | E6: 550 | F6: 600

Sheet north-prac
A1: product-name | B1: 2019 | C1: 2020 | D1: 2021 | E1: 2022 | F1: 2023
A2: hp-laptops | B2: 200 | C2: 250 | D2: 300 | E2: 350 | F2: 400
A3: lenovo laptops | B3: 250 | C3: 300 | D3: 350 | E3: 400 | F3: 450
A4: asus laptops | B4: 300 | C4: 350 | D4: 400 | E4: 450 | F4: 500
A5: dell laptops | B5: 350 | C5: 400 | D5: 450 | E5: 500 | F5: 550
A6: acer laptops | B6: 400 | C6: 450 | D6: 500 | E6: 550 | F6: 600

Sheet total-prac
C1: 2019 | D1: 2020 | E1: 2021 | F1: 2022 | G1: 2023
B2: Consolidation | C2: ='east-prac'!$B$2 -> 200 | D2: ='east-prac'!$C$2 -> 250 | E2: ='east-prac'!$D$2 -> 300 | F2: ='east-prac'!$E$2 -> 350 | G2: ='east-prac'!$F$2 -> 400
B3: Consolidation | C3: ='north-prac'!$B$2 -> 200 | D3: ='north-prac'!$C$2 -> 250 | E3: ='north-prac'!$D$2 -> 300 | F3: ='north-prac'!$E$2 -> 350 | G3: ='north-prac'!$F$2 -> 400
B4: Consolidation | C4: ='west-prac'!$B$2 -> 200 | D4: ='west-prac'!$C$2 -> 250 | E4: ='west-prac'!$D$2 -> 300 | F4: ='west-prac'!$E$2 -> 350 | G4: ='west-prac'!$F$2 -> 400
A5: hp-laptops | C5: =SUM(C2:C4) -> 600 | D5: =SUM(D2:D4) -> 750 | E5: =SUM(E2:E4) -> 900 | F5: =SUM(F2:F4) -> 1050 | G5: =SUM(G2:G4) -> 1200
B6: Consolidation | C6: ='east-prac'!$B$3 -> 250 | D6: ='east-prac'!$C$3 -> 300 | E6: ='east-prac'!$D$3 -> 350 | F6: ='east-prac'!$E$3 -> 400 | G6: ='east-prac'!$F$3 -> 450
B7: Consolidation | C7: ='north-prac'!$B$3 -> 250 | D7: ='north-prac'!$C$3 -> 300 | E7: ='north-prac'!$D$3 -> 350 | F7: ='north-prac'!$E$3 -> 400 | G7: ='north-prac'!$F$3 -> 450
B8: Consolidation | C8: ='west-prac'!$B$3 -> 250 | D8: ='west-prac'!$C$3 -> 300 | E8: ='west-prac'!$D$3 -> 350 | F8: ='west-prac'!$E$3 -> 400 | G8: ='west-prac'!$F$3 -> 450
A9: lenovo laptops | C9: =SUM(C6:C8) -> 750 | D9: =SUM(D6:D8) -> 900 | E9: =SUM(E6:E8) -> 1050 | F9: =SUM(F6:F8) -> 1200 | G9: =SUM(G6:G8) -> 1350
B10: Consolidation | C10: ='east-prac'!$B$4 -> 300 | D10: ='east-prac'!$C$4 -> 350 | E10: ='east-prac'!$D$4 -> 400 | F10: ='east-prac'!$E$4 -> 450 | G10: ='east-prac'!$F$4 -> 500
B11: Consolidation | C11: ='north-prac'!$B$4 -> 300 | D11: ='north-prac'!$C$4 -> 350 | E11: ='north-prac'!$D$4 -> 400 | F11: ='north-prac'!$E$4 -> 450 | G11: ='north-prac'!$F$4 -> 500
B12: Consolidation | C12: ='west-prac'!$B$4 -> 300 | D12: ='west-prac'!$C$4 -> 350 | E12: ='west-prac'!$D$4 -> 400 | F12: ='west-prac'!$E$4 -> 450 | G12: ='west-prac'!$F$4 -> 500
A13: asus laptops | C13: =SUM(C10:C12) -> 900 | D13: =SUM(D10:D12) -> 1050 | E13: =SUM(E10:E12) -> 1200 | F13: =SUM(F10:F12) -> 1350 | G13: =SUM(G10:G12) -> 1500
B14: Consolidation | C14: ='east-prac'!$B$5 -> 350 | D14: ='east-prac'!$C$5 -> 400 | E14: ='east-prac'!$D$5 -> 450 | F14: ='east-prac'!$E$5 -> 500 | G14: ='east-prac'!$F$5 -> 550
B15: Consolidation | C15: ='north-prac'!$B$5 -> 350 | D15: ='north-prac'!$C$5 -> 400 | E15: ='north-prac'!$D$5 -> 450 | F15: ='north-prac'!$E$5 -> 500 | G15: ='north-prac'!$F$5 -> 550
B16: Consolidation | C16: ='west-prac'!$B$5 -> 350 | D16: ='west-prac'!$C$5 -> 400 | E16: ='west-prac'!$D$5 -> 450 | F16: ='west-prac'!$E$5 -> 500 | G16: ='west-prac'!$F$5 -> 550
A17: dell laptops | C17: =SUM(C14:C16) -> 1050 | D17: =SUM(D14:D16) -> 1200 | E17: =SUM(E14:E16) -> 1350 | F17: =SUM(F14:F16) -> 1500 | G17: =SUM(G14:G16) -> 1650
B18: Consolidation | C18: ='east-prac'!$B$6 -> 400 | D18: ='east-prac'!$C$6 -> 450 | E18: ='east-prac'!$D$6 -> 500 | F18: ='east-prac'!$E$6 -> 550 | G18: ='east-prac'!$F$6 -> 600
B19: Consolidation | C19: ='north-prac'!$B$6 -> 400 | D19: ='north-prac'!$C$6 -> 450 | E19: ='north-prac'!$D$6 -> 500 | F19: ='north-prac'!$E$6 -> 550 | G19: ='north-prac'!$F$6 -> 600
B20: Consolidation | C20: ='west-prac'!$B$6 -> 400 | D20: ='west-prac'!$C$6 -> 450 | E20: ='west-prac'!$D$6 -> 500 | F20: ='west-prac'!$E$6 -> 550 | G20: ='west-prac'!$F$6 -> 600
A21: acer laptops | C21: =SUM(C18:C20) -> 1200 | D21: =SUM(D18:D20) -> 1350 | E21: =SUM(E18:E20) -> 1500 | F21: =SUM(F18:F20) -> 1650 | G21: =SUM(G18:G20) -> 1800
